{
  "model_path": "models/best_mobilenetv2_model.pth",
  "evaluation_date": "2025-06-26T16:53:29.487828",
  "dataset_info": {
    "total_samples": 42,
    "classes": [
      "A",
      "B",
      "C"
    ],
    "class_distribution": {
      "A": 13,
      "B": 12,
      "C": 17
    }
  },
  "overall_metrics": {
    "accuracy": 0.9285714285714286,
    "macro_precision": 0.9327731092436974,
    "macro_recall": 0.9291101055806937,
    "macro_f1": 0.9269733534439416,
    "weighted_precision": 0.9353741496598639,
    "weighted_recall": 0.9285714285714286,
    "weighted_f1": 0.9284188034188035
  },
  "per_class_metrics": {
    "A": {
      "precision": 1.0,
      "recall": 0.8461538461538461,
      "f1_score": 0.9166666666666666,
      "support": 13
    },
    "B": {
      "precision": 0.8571428571428571,
      "recall": 1.0,
      "f1_score": 0.9230769230769231,
      "support": 12
    },
    "C": {
      "precision": 0.9411764705882353,
      "recall": 0.9411764705882353,
      "f1_score": 0.9411764705882353,
      "support": 17
    }
  },
  "confidence_stats": {
    "mean_confidence": 0.8429730534553528,
    "std_confidence": 0.16781115531921387,
    "min_confidence": 0.4219665825366974,
    "max_confidence": 0.9999687671661377
  }
}